record_id,kind,plants,symptoms,cause,summary,source_url,unsure,derived_items,decision (approve/edit/reject),your_notes
rec_001,problem,(any houseplant),stunted_growth;curling;distorted_growth;visible_insects,Aphids,"Tiny green, brown or black insects sit on the undersides of leaves; growth is stunted and leaves curl or distort.",https://oc4h.ucanr.edu/sites/default/files/2020-07/330401.pdf,,0,,
rec_002,problem,(any houseplant),visible_insects;stunted_growth,Mealybugs,"White, cottony-looking scale insects on stems and the undersides of leaves; plant growth is stunted.",https://oc4h.ucanr.edu/sites/default/files/2020-07/330401.pdf,,0,,
rec_003,problem,(any houseplant),webbing;yellowing;distorted_growth,Mites,Tiny light-colored arachnids; fine webbing appears on foliage and leaves become distorted and yellowish.,https://oc4h.ucanr.edu/sites/default/files/2020-07/330401.pdf,,0,,
rec_004,problem,(any houseplant),visible_insects;stunted_growth,Scale insects,"Oval or round brown insects on stems and leaves; they suck plant juices, which leads to poor, stunted growth.",https://oc4h.ucanr.edu/sites/default/files/2020-07/330401.pdf,,0,,
rec_005,problem,(any houseplant),distorted_growth;faded_color,Thrips,Extremely tiny insects (adults light tan to dark brown); leaves and flowers become distorted and discolored.,https://oc4h.ucanr.edu/sites/default/files/2020-07/330401.pdf,,0,,
rec_006,problem,(any houseplant),yellowing;faded_color;visible_insects,Whiteflies,"Small white, gnat-like insects; leaves turn pale yellow or white.",https://oc4h.ucanr.edu/sites/default/files/2020-07/330401.pdf,,1,,
rec_007,problem,(any houseplant),yellowing;brown_tips_edges,Anthracnose (fungal),"Leaf tips turn yellow and then brown, and the whole leaf may die.",https://oc4h.ucanr.edu/sites/default/files/2020-07/330401.pdf,,0,,
rec_008,problem,(any houseplant),brown_spots,Leaf spot diseases (fungal or bacterial),Fungal spots are brown with a yellow halo; bacterial spots look water-soaked with a yellow halo. Fungal structures may be visible under magnification.,https://oc4h.ucanr.edu/sites/default/files/2020-07/330401.pdf,,0,,
rec_009,problem,(any houseplant),white_powdery_coating;distorted_growth;leaf_drop,Powdery mildew (fungal),"White powdery growth on foliage, with distorted leaves and possible leaf drop.",https://oc4h.ucanr.edu/sites/default/files/2020-07/330401.pdf,,0,,
rec_010,problem,(any houseplant),soft_mushy_stem;wilting_drooping,Root and stem rots,Roots turn soft and brown or black; stems go soft with a brown or black ring near the soil line; the plant wilts and can die.,https://oc4h.ucanr.edu/sites/default/files/2020-07/330401.pdf,,0,,
rec_011,problem,(any houseplant),yellowing,overwatering or poor soil drainage,The source lists overwatering or poor soil drainage as a possible cause of yellowing.,https://oc4h.ucanr.edu/sites/default/files/2020-07/330401.pdf,,1,,
rec_012,problem,(any houseplant),yellowing,insufficient light,The source lists insufficient light as a possible cause of yellowing.,https://oc4h.ucanr.edu/sites/default/files/2020-07/330401.pdf,,1,,
rec_013,problem,(any houseplant),yellowing,low humidity,The source lists low humidity as a possible cause of yellowing.,https://oc4h.ucanr.edu/sites/default/files/2020-07/330401.pdf,,1,,
rec_014,problem,(any houseplant),yellowing,cold draft injury,The source lists cold draft injury as a possible cause of yellowing.,https://oc4h.ucanr.edu/sites/default/files/2020-07/330401.pdf,,1,,
rec_015,problem,(any houseplant),scorched_leaves,direct sun exposure,The source lists direct sun exposure as a possible cause of scorched leaves.,https://oc4h.ucanr.edu/sites/default/files/2020-07/330401.pdf,,1,,
rec_016,problem,(any houseplant),brown_tips_edges,fertilizer or pesticide burn,The source lists fertilizer or pesticide burn as a possible cause of brown tips or edges.,https://oc4h.ucanr.edu/sites/default/files/2020-07/330401.pdf,,1,,
rec_017,problem,(any houseplant),brown_tips_edges,soft water,The source lists soft water as a possible cause of brown tips or edges.,https://oc4h.ucanr.edu/sites/default/files/2020-07/330401.pdf,,1,,
rec_018,problem,(any houseplant),brown_tips_edges,soil staying dry for long periods,The source lists soil staying dry for long periods as a possible cause of brown tips or edges.,https://oc4h.ucanr.edu/sites/default/files/2020-07/330401.pdf,,1,,
rec_019,problem,(any houseplant),brown_tips_edges,low temperature,The source lists low temperature as a possible cause of brown tips or edges.,https://oc4h.ucanr.edu/sites/default/files/2020-07/330401.pdf,,1,,
rec_020,problem,(any houseplant),small_leaves;wilting_drooping,soil alternating between too wet and too dry,The source lists soil alternating between too wet and too dry as a possible cause of small leaves / wilting or drooping.,https://oc4h.ucanr.edu/sites/default/files/2020-07/330401.pdf,,1,,
rec_021,problem,(any houseplant),stunted_growth,incorrect lighting (source says 'weak growth'),The source lists incorrect lighting (source says 'weak growth') as a possible cause of stunted growth.,https://oc4h.ucanr.edu/sites/default/files/2020-07/330401.pdf,,1,,
rec_022,problem,(any houseplant),stunted_growth,root damage from excessive moisture (source says 'weak growth'),The source lists root damage from excessive moisture (source says 'weak growth') as a possible cause of stunted growth.,https://oc4h.ucanr.edu/sites/default/files/2020-07/330401.pdf,,1,,
rec_023,problem,(any houseplant),leggy_stretched,insufficient or poor light (source says 'spindly'),The source lists insufficient or poor light (source says 'spindly') as a possible cause of leggy or stretched.,https://oc4h.ucanr.edu/sites/default/files/2020-07/330401.pdf,,1,,
rec_024,problem,(any houseplant),leaf_drop,overwatering (source says 'general defoliation'),The source lists overwatering (source says 'general defoliation') as a possible cause of leaf drop.,https://oc4h.ucanr.edu/sites/default/files/2020-07/330401.pdf,,1,,
rec_025,problem,(any houseplant),leaf_drop,poor lighting (source says 'general defoliation'),The source lists poor lighting (source says 'general defoliation') as a possible cause of leaf drop.,https://oc4h.ucanr.edu/sites/default/files/2020-07/330401.pdf,,1,,
rec_026,problem,(any houseplant),leaf_drop,cold injury (source says 'general defoliation'),The source lists cold injury (source says 'general defoliation') as a possible cause of leaf drop.,https://oc4h.ucanr.edu/sites/default/files/2020-07/330401.pdf,,1,,
rec_027,problem,(any houseplant),brown_tips_edges,low humidity,"The source gives low humidity as an example cause of brown leaf tips and notes several factors often combine, so all contributing factors should be addressed.",https://yardandgarden.extension.iastate.edu/how-to/diagnosing-houseplant-problems,,1,,
rec_028,problem,(any houseplant),brown_tips_edges,over-fertilizing,"The source gives over-fertilizing as an example cause of brown leaf tips and notes several factors often combine, so all contributing factors should be addressed.",https://yardandgarden.extension.iastate.edu/how-to/diagnosing-houseplant-problems,,1,,
rec_029,problem,(any houseplant),visible_insects,Fungus gnats from wet soil,The source links fungus gnats to wet soil and says treating the insects with insecticide won't help unless the wet soil is fixed.,https://yardandgarden.extension.iastate.edu/how-to/diagnosing-houseplant-problems,,1,,
rec_030,problem,(any houseplant),,Over-fertilizing,The source says extra fertilizer when the plant is not actively growing can cause severe damage or plant death.,https://extension.illinois.edu/sites/default/files/hkmw-_houseplants.pdf,,1,,
rec_031,problem,(any houseplant),scorched_leaves,Cold or heat from window placement,The source says windows can expose plants to cold in winter and scorching heat in summer.,https://extension.illinois.edu/sites/default/files/hkmw-_houseplants.pdf,,1,,
rec_032,problem,(any houseplant),,Root rot from standing water,The source says letting plants sit in standing water leads to root rot.,https://extension.illinois.edu/sites/default/files/hkmw-_houseplants.pdf,,1,,
rec_033,problem,(any houseplant),,Root burn from salt buildup,The source says excess salts building up in the soil can burn roots.,https://extension.illinois.edu/sites/default/files/hkmw-_houseplants.pdf,,0,,
rec_034,problem,(any houseplant),,Low winter humidity from furnace heating,The source says furnace operation lowers indoor humidity in winter.,https://extension.illinois.edu/sites/default/files/hkmw-_houseplants.pdf,,0,,
rec_035,problem,jade,,Root rot from poor drainage or too-frequent watering,Root rot comes from soil that does not drain quickly or from watering too often.,https://hgic.clemson.edu/factsheet/jade-plant/,,1,,
rec_036,problem,jade,leaf_drop,Plant allowed to become extremely dry,Jade plants drop leaves when allowed to get extremely dry.,https://hgic.clemson.edu/factsheet/jade-plant/,,1,,
rec_037,problem,jade,visible_insects,Mealybugs,Mealybugs look like white puffs of cotton and are the most common insect pest on jade.,https://hgic.clemson.edu/factsheet/jade-plant/,,1,,
rec_038,problem,jade,faded_color;stippling,Spider mites,Jade plants with spider mites lose green color and look dusty or speckled.,https://hgic.clemson.edu/factsheet/jade-plant/,,0,,
rec_039,problem,jade,brown_spots;leaf_drop;stunted_growth,"Too little light or water, or wrong temperature/drafts","One read of the page said insufficient light or water causes dwarfing, spotting and leaf drop, and that wrong temperatures or drafts cause problems.",https://hgic.clemson.edu/factsheet/jade-plant/,YES,0,,
rec_040,plant_profile,jade,,,"Normal appearance: fleshy, glossy round or oval leaves in dark green, blue-gray or edged in red, on stout brown stems.",https://hgic.clemson.edu/factsheet/jade-plant/,,0,,
rec_041,problem,pothos,,Root rot from overwatering or poorly draining soil,Root rot is a common houseplant problem caused by overwatering or poorly draining soil.,https://hgic.clemson.edu/factsheet/how-to-grow-pothos-indoors-epipremnum-spp-care-cultivars-and-common-problems/,,1,,
rec_042,problem,pothos,yellowing,Overwatering,The source says yellow pothos leaves are often caused by overwatering.,https://hgic.clemson.edu/factsheet/how-to-grow-pothos-indoors-epipremnum-spp-care-cultivars-and-common-problems/,,1,,
rec_043,problem,pothos,yellowing,Low fertility,The source says yellow pothos leaves can come from low fertility.,https://hgic.clemson.edu/factsheet/how-to-grow-pothos-indoors-epipremnum-spp-care-cultivars-and-common-problems/,,1,,
rec_044,problem,pothos,scorched_leaves;brown_tips_edges,low humidity,The source says scorched leaves and dying tips on pothos are often caused by low humidity.,https://hgic.clemson.edu/factsheet/how-to-grow-pothos-indoors-epipremnum-spp-care-cultivars-and-common-problems/,,1,,
rec_045,problem,pothos,scorched_leaves;brown_tips_edges,intense light,The source says scorched leaves and dying tips on pothos are often caused by intense light.,https://hgic.clemson.edu/factsheet/how-to-grow-pothos-indoors-epipremnum-spp-care-cultivars-and-common-problems/,,1,,
rec_046,problem,pothos,,Spider mites or mealybugs,The source names spider mites and mealybugs as possible pests but says pothos is generally pest-free indoors.,https://hgic.clemson.edu/factsheet/how-to-grow-pothos-indoors-epipremnum-spp-care-cultivars-and-common-problems/,YES,0,,
rec_047,plant_profile,pothos,,,"Normal appearance: slightly heart-shaped, shiny leaves a few inches long that stay whole; vines give a bushy look.",https://hgic.clemson.edu/factsheet/how-to-grow-pothos-indoors-epipremnum-spp-care-cultivars-and-common-problems/,,0,,
rec_048,problem,snake_plant,,Root rot from overwatering,"The source calls root rot a common problem for snake plants, caused by overwatering.",https://extension.psu.edu/snake-plant-a-forgiving-low-maintenance-houseplant,,1,,
rec_049,problem,snake_plant,,Mealybugs or spider mites,The source mentions mealybugs and spider mites as pests but gives no symptoms or control steps.,https://extension.psu.edu/snake-plant-a-forgiving-low-maintenance-houseplant,YES,0,,
rec_050,plant_profile,snake_plant,,,"The source describes it as a long-lived, unfussy succulent houseplant that tolerates low light.",https://extension.psu.edu/snake-plant-a-forgiving-low-maintenance-houseplant,,0,,
rec_051,plant_profile,pothos,,,The source lists this plant under low light.,https://extension.illinois.edu/sites/default/files/hkmw-_houseplants.pdf,,0,,
rec_052,plant_profile,chinese_evergreen,,,The source lists this plant under low light.,https://extension.illinois.edu/sites/default/files/hkmw-_houseplants.pdf,,0,,
rec_053,plant_profile,snake_plant,,,The source lists this plant under low light.,https://extension.illinois.edu/sites/default/files/hkmw-_houseplants.pdf,,0,,
rec_054,plant_profile,spider_plant,,,The source lists this plant under medium light.,https://extension.illinois.edu/sites/default/files/hkmw-_houseplants.pdf,,0,,
rec_055,plant_profile,peace_lily,,,The source lists this plant under medium light. It prefers consistently moist soil and does not like to dry out.,https://extension.illinois.edu/sites/default/files/hkmw-_houseplants.pdf,,0,,
rec_056,plant_profile,african_violet,,,The source lists this plant under medium light.,https://extension.illinois.edu/sites/default/files/hkmw-_houseplants.pdf,,0,,
rec_057,plant_profile,aloe_vera,,,The source lists this plant under high light.,https://extension.illinois.edu/sites/default/files/hkmw-_houseplants.pdf,,0,,
