record_id,cause,symptoms,summary,source_url,approve/edit/reject,notes
rec_000001,overwatering or poor drainage,yellowing;wilting;soft_stem_base;soil_wet,"Overwatering and poor drainage can cause yellowing and dropping leaves, wilting, soft stem bases and soggy soil, and can lead to root decay.",https://ipm.ucanr.edu/home-and-landscape/houseplant-problems/,,
rec_000002,underwatering or very dry soil,wilting;browning;soil_dry,Wilting is usually caused by underwatering or excessive light. Brown leaf tips or margins can result from excessively dry soil.,https://ipm.ucanr.edu/home-and-landscape/houseplant-problems/,,
rec_000003,root rot,wilting;yellowing;dark_soft_roots;soil_wet,"Root rot is often seen as wilting or discoloration above ground. Off-color roots (brownish to blackish), especially at the tips, indicate root rot; healthy roots are white. It is often associated with poor drainage and overwatering.",https://ipm.ucanr.edu/home-and-landscape/houseplant-problems/,,
rec_000004,fertilizer or salt buildup,browning;soil_crust,"Brown leaf tips or margins are usually caused by overfertilization, salt buildup, or excessively dry or wet soil. Fertilizer salts can also build up on containers.",https://ipm.ucanr.edu/home-and-landscape/houseplant-problems/,,
rec_000005,nutrient deficiency (nitrogen),yellowing,"Yellow-green older leaves can be due to insufficient fertilizer, especially nitrogen. Weak growth or light green to yellow leaves may also come from root rot, too little or too much light, or sap-sucking pests.",https://ipm.ucanr.edu/home-and-landscape/houseplant-problems/,,
rec_000006,micronutrient deficiency or soil pH imbalance,yellowing,"Yellow-green newer leaves can be caused by overwatering, soil pH imbalance or micronutrient deficiency.",https://ipm.ucanr.edu/home-and-landscape/houseplant-problems/,,
rec_000007,insufficient light,spindly_growth;few_flowers;yellowing,"Leggy growth with long stems or petioles is usually caused by inadequate light. Lack of flowers can indicate inadequate light, and yellowing and leaf drop can also be caused by inadequate light.",https://ipm.ucanr.edu/home-and-landscape/houseplant-problems/,,
rec_000008,excess light (sunburn),bleaching;brown_spots,"Excess light can bleach or whiten leaves and cause spots or blotches, especially after a recent move of the plant.",https://ipm.ucanr.edu/home-and-landscape/houseplant-problems/,,
rec_000009,cold injury,blackening;brown_spots,Chilling injury below 50°F can cause leaf spots and blackening of leaves or shoots. Symptoms may continue for up to a week after exposure.,https://ipm.ucanr.edu/home-and-landscape/houseplant-problems/,,
rec_000010,low humidity or drafty setting,browning,"Brown leaf tips or margins may result from low relative humidity, too much sun or heat through a window, or a drafty setting, in addition to watering and fertilizer problems.",https://ipm.ucanr.edu/home-and-landscape/houseplant-problems/,,
rec_000011,adjustment after moving,yellowing;leaf_drop,"Many plants go through an adjustment period anytime they are moved, even short distances. Yellowing or leaf drop that continues more than a few weeks suggests another problem.",https://extension.illinois.edu/sites/default/files/troubleshooting_houseplants_0.pdf,,
rec_000012,pot-bound roots or compacted soil,yellowing;leaf_drop;wilting,"Poor root health from pot-bound growth, compacted soil or poor drainage is listed as a cause of yellowing, leaf drop and sudden wilting.",https://ipm.ucanr.edu/home-and-landscape/houseplant-problems/,,
rec_000013,spider mites,stippling;webbing;yellowing;leaf_drop,"Spider mites are tiny and usually on leaf undersides. Feeding causes light-colored specks (stippling), later bronzing and drying, and silk webbing may appear near growing points. Severe infestations cause leaves to dry and fall.",https://ipm.ucanr.edu/home-and-landscape/houseplant-problems/,,
rec_000014,mealybugs,white_fluff;sticky_residue;yellowing;wilting;distorted_growth,"Mealybugs are small, oval, whitish insects covered in cottony, powdery or waxy material, often along leaf veins or where leaf stalks join stems. Symptoms include stunted growth, yellowing and wilting; they excrete honeydew and attract ants.",https://ipm.ucanr.edu/home-and-landscape/houseplant-problems/,,
rec_000015,aphids,visible_insects;sticky_residue;leaf_curl;distorted_growth;sooty_mold,"Aphids are small insects on new growth or leaf undersides. They excrete sticky honeydew that can attract ants and encourage sooty mold, leave white cast skins, and can cause leaves to curl and distort.",https://ipm.ucanr.edu/home-and-landscape/houseplant-problems/,,
rec_000016,scale insects,bumps_scale;sticky_residue;yellowing;sooty_mold,"Scales are small brown or grayish, mostly stationary insects with a waxy or hard covering. They suck sap and excrete honeydew, giving leaves a sticky surface and later stunting growth and discoloring leaves. On ferns they can resemble spore clusters.",https://ipm.ucanr.edu/home-and-landscape/houseplant-problems/,,
rec_000017,whiteflies,visible_insects;yellowing;leaf_drop;sticky_residue,"Adult whiteflies are small white to yellowish winged insects that fly up when the plant is disturbed. Young stages stay on leaf undersides, suck sap and excrete honeydew, causing leaves to yellow and drop.",https://ipm.ucanr.edu/home-and-landscape/houseplant-problems/,,
rec_000018,thrips,stippling;distorted_growth;yellowing;leaf_drop,"Thrips are small slender insects usually on leaf undersides and in tight crevices. They cause scarring, sometimes distorted growth, stippling similar to mites, shiny black dots of excrement, and yellowing and dropping leaves; heavy infestations can leave silvery-gray areas.",https://ipm.ucanr.edu/home-and-landscape/houseplant-problems/,,
rec_000019,fungus gnats,visible_insects;soil_wet;wilting;distorted_growth,"Adult fungus gnats are small, dark, mosquito-like flies seen near potted plants or lights. Larvae in moist soil feed on roots; heavy infestations can cause sudden wilting, poor growth and foliage loss. Overwatering and poor drainage favor them.",https://ipm.ucanr.edu/home-and-landscape/houseplant-problems/,,
rec_000020,broad or cyclamen mites,distorted_growth;leaf_curl;few_flowers,"Broad and cyclamen mites are nearly invisible and are recognized by injury on new growth: thickened, brittle foliage with stunted, downward-cupped margins. Cyclamen mites are mainly a pest of flowering plants and can cause few flowers.",https://ipm.ucanr.edu/home-and-landscape/houseplant-problems/,,
rec_000021,powdery mildew,powdery_coating,"Powdery mildew shows as white to gray growth on leaves, flowers and stems; the growth is the fungus itself on the tissue surface. It usually will not kill the plant but can cause defoliation.",https://ipm.ucanr.edu/home-and-landscape/houseplant-problems/,,
rec_000022,gray mold (Botrytis),fuzzy_mold,"Gray mold mainly infects spent flowers and older foliage, appearing as grayish or tan areas with dusty gray spores. It needs high humidity for several hours and is usually not serious unless it stays cool and wet.",https://ipm.ucanr.edu/home-and-landscape/houseplant-problems/,,
rec_000023,fungal leaf spots,brown_spots,"Fungal leaf spots are tan to reddish-brown to black, roughly circular spots that may merge into large lesions. They spread by splashing water and need hours of leaf wetness.",https://ipm.ucanr.edu/home-and-landscape/houseplant-problems/,,
rec_000024,bacterial leaf spot,water_soaked_spots;brown_spots,"Localized bacterial diseases appear as oily, greasy or water-soaked spots, often visible from the leaf underside, that may turn tan, brown or black with a yellow border and enlarge until the whole leaf is affected.",https://ipm.ucanr.edu/home-and-landscape/houseplant-problems/,,
rec_000025,systemic bacterial stem rot or wilt,soft_stem_base;wilting;yellowing,"Systemic bacterial diseases can cause wilting, general yellowing, and soft, mushy stem rots or cankers that may smell unpleasant. Control options are very limited and discarding the plant is often the best approach.",https://ipm.ucanr.edu/home-and-landscape/houseplant-problems/,,
rec_000026,stem canker,wilting,Stem cankers appear as discolored areas on the stem and can be associated with wilting.,https://extension.umd.edu/resource/diagnose-indoor-plant-problems,,
rec_000027,viral disease,mottling;distorted_growth,"Viruses cause foliage to appear mottled green and yellow, and plants may be stunted or distorted. There is no effective treatment.",https://extension.umd.edu/resource/diagnose-indoor-plant-problems,,
rec_000028,chewing pests from time outdoors,holes_chewing,"Leaves that are eaten or chewed may be caused by pests on plants that spent the summer outside, such as caterpillars, leaf-feeding beetles, weevils, grasshoppers, crickets, slugs and earwigs.",https://extension.umd.edu/resource/diagnose-indoor-plant-problems,,
rec_000029,chemical or mechanical injury,browning;brown_spots,"Brown or scorched leaf tips and spots or blemishes can result from pesticide or mechanical injury, and chemical spray injury is listed as a cause of leaf spots.",https://ipm.ucanr.edu/home-and-landscape/houseplant-problems/,,
